,Name_Index
EXECUTIVE OFFICE OF THE PRESIDENT,1
UNITED STATES TRADE AND DEVELOPMENT AGENCY,2
PEACE CORPS,3
FOREST SERVICE,4
US CENSUS BUREAU,5
U.S. MARSHALS SERVICE,6
AGRICULTURAL RESEARCH SERVICE,7
NATURAL RESOURCES CONSERVATION SERVICE,8
"USDA, OFFICE OF OPERATIONS",9
"USDA, OFFICE OF THE CHIEF INFORMATION OFFICER",10
"USDA, OFFICE OF GENERAL COUNSEL",11
"USDA, OFFICE OF ASSISTANT SECRETARY OF CIVIL RIGHTS",12
"USDA, OFFICE OF HOMELAND SECURITY AND EMERGENCY COORDINATION",13
FOREIGN AGRICULTURAL SERVICE,14
FARM PRODUCTION AND CONSERVATION BUSINESS CENTER,15
FOOD AND NUTRITION SERVICE,16
"USDA, OFFICE OF THE CHIEF FINANCIAL OFFICER",17
ANIMAL AND PLANT HEALTH INSPECTION SERVICE,18
"USDA, OFFICE OF HUMAN RESOURCE MANAGEMENT",19
"USDA, OFFICE OF EXECUTIVE SECRETARIAT",20
"USDA, OFFICE OF THE CHIEF ECONOMIST",21
RURAL HOUSING SERVICE,22
NATIONAL AGRICULTURAL STATISTICS SERVICE,23
ECONOMIC RESEARCH SERVICE,24
NATIONAL INSTITUTE OF FOOD AND AGRICULTURE,25
AGRICULTURAL MARKETING SERVICE,26
FOOD SAFETY AND INSPECTION SERVICE,27
"USDA, DEPARTMENTAL ADMINISTRATION",28
FARM SERVICE AGENCY,29
NATIONAL OCEANIC AND ATMOSPHERIC ADMINISTRATION,30
NATIONAL TECHNICAL INFORMATION SERVICE,31
OFFICE OF THE SECRETARY,32
BUREAU OF ECONOMIC ANALYSIS,33
INTERNATIONAL TRADE ADMINISTRATION,34
MINORITY BUSINESS DEVELOPMENT AGENCY,35
NATIONAL TELECOMMUNICATIONS AND INFORMATION ADMINISTRATION,36
BUREAU OF INDUSTRY AND SECURITY,37
ECONOMIC DEVELOPMENT ADMINISTRATION,38
US PATENT AND TRADEMARK OFFICE,39
BUREAU OF INDIAN AFFAIRS,40
NATIONAL INSTITUTE OF STANDARDS AND TECHNOLOGY,41
BUREAU OF INDIAN AFFAIRS AND BUREAU OF INDIAN EDUCATION,42
SCIENCE AND TECHNOLOGY,43
DEPARTMENTAL OFFICES,44
"STATE, DEPARTMENT OF",45
BUREAU OF TRUST FUNDS ADMINISTRATION,46
NATIONAL ENDOWMENT FOR THE ARTS,47
AMERICAN BATTLE MONUMENTS COMMISSION,48
ADMINISTRATION FOR CHILDREN AND FAMILIES,49
NATIONAL INSTITUTES OF HEALTH,50
PRIVACY AND CIVIL LIBERTIES OVERSIGHT BOARD,51
IMMED OFFICE OF THE SECRETARY OF HEALTH AND HUMAN SERVICES,52
OFFICE OF ASSISTANT SECRETARY FOR PREPAREDNESS AND RESPONSE,53
INDIAN HEALTH SERVICE,54
NATIONAL INDIAN GAMING COMMISSION,55
BUREAU OF LAND MANAGEMENT,56
ATF ACQUISITION AND PROPERTY MGMT DIV,57
BUREAU OF RECLAMATION,58
BUREAU OF SAFETY AND ENVIRONMENTAL ENFORCEMENT,59
U.S. FISH AND WILDLIFE SERVICE,60
US GEOLOGICAL SURVEY,61
BUREAU OF OCEAN ENERGY MANAGEMENT,62
NATIONAL PARK SERVICE,63
FEDERAL BUREAU OF INVESTIGATION,64
"OFFICES, BOARDS AND DIVISIONS",65
"OFFICE OF SURFACE MINING, RECLAMATION AND ENFORCEMENT",66
FEDERAL PRISON SYSTEM / BUREAU OF PRISONS,67
DRUG ENFORCEMENT ADMINISTRATION,68
OFFICE OF JUSTICE PROGRAMS,69
OFFICE OF JOB CORPS,70
OFFICE OF ADMINISTRATIVE LAW JUDGES,71
EMPLOYEE BENEFITS SECURITY ADMINISTRATION,72
EMPLOYMENT AND TRAINING ADMINISTRATION,73
OFFICE OF THE ASSISTANT SECRETARY FOR ADMINISTRATION AND MANAGEMENT,74
MINE SAFETY AND HEALTH ADMINISTRATION,75
BUREAU OF LABOR STATISTICS,76
OFFICE OF DISABILITY EMPLOYMENT POLICY,77
OFFICE OF WORKERS COMPENSATION PROGRAM,78
WOMEN'S BUREAU,79
OFFICE OF THE SOLICITOR,80
VETERANS EMPLOYMENT AND TRAINING SERVICES,81
INTERNATIONAL BOUNDARY AND WATER COMMISSION: U.S.-MEXICO,82
AGENCY FOR INTERNATIONAL DEVELOPMENT,83
INTERNAL REVENUE SERVICE,84
FEDERAL TRADE COMMISSION,85
UNITED STATES MINT,86
OFFICE OF THE COMPTROLLER OF THE CURRENCY,87
INSPECTOR GENERAL,88
BUREAU OF ENGRAVING AND PRINTING,89
BUREAU OF THE FISCAL SERVICE,90
FINANCIAL CRIME ENFORCEMENT NETWORK,91
GULF COAST ECOSYSTEM RESTORATION COUNCIL,92
ARMED FORCES RETIREMENT HOME,93
"HOUSING AND URBAN DEVELOPMENT, DEPARTMENT OF",94
INTER-AMERICAN FOUNDATION,95
NATIONAL MEDIATION BOARD,96
CHEMICAL SAFETY AND HAZARD INVESTIGATION BOARD,97
OFFICE OF PERSONNEL MANAGEMENT,98
FEDERAL COMMUNICATIONS COMMISSION,99
SOCIAL SECURITY ADMINISTRATION,100
NUCLEAR REGULATORY COMMISSION,101
NATIONAL GALLERY OF ART,102
SMITHSONIAN INSTITUTION,103
INTERNATIONAL TRADE COMMISSION,104
"VETERANS AFFAIRS, DEPARTMENT OF",105
"ENERGY, DEPARTMENT OF",106
NATIONAL SCIENCE FOUNDATION,107
U.S. CUSTOMS AND BORDER PROTECTION,108
EQUAL EMPLOYMENT OPPORTUNITY COMMISSION,109
OFFICE OF ADMINISTRATIVE SERVICES,110
PUBLIC BUILDINGS REFORM BOARD,111
U.S. COAST GUARD,112
OFFICE OF THE CHIEF INFORMATION OFFICER,113
OFFICE OF GOVERNMENT WIDE POLICY,114
OFFICE OF INSPECTOR GENERAL,115
PUBLIC BUILDINGS SERVICE,116
U.S. IMMIGRATION AND CUSTOMS ENFORCEMENT,117
FOOD AND DRUG ADMINISTRATION,118
FEDERAL HIGHWAY ADMINISTRATION,119
ADMINISTRATIVE OFFICE OF THE U.S. COURTS,120
NATIONAL AERONAUTICS AND SPACE ADMINISTRATION,121
ENVIRONMENTAL PROTECTION AGENCY,122
U.S. CITIZENSHIP AND IMMIGRATION SERVICES,123
TRANSPORTATION SECURITY ADMINISTRATION,124
OFFICE OF ASSISTANT SECRETARY FOR PLANNING AND EVALUATION,125
"JUSTICE, DEPARTMENT OF",126
OFFICE OF THE UNDER SECRETARY FOR MANAGEMENT,127
OFFICE OF THE ASSISTANT SECRETARY FOR FINANCIAL RESOURCES (ASFR),128
FEDERAL ACQUISITION SERVICE,129
CENTERS FOR DISEASE CONTROL AND PREVENTION,130
TECHNOLOGY TRANSFORMATION SERVICE,131
OFFICE OF GENERAL COUNSEL,132
CYBERSECURITY AND INFRASTRUCTURE SECURITY AGENCY,133
NATIONAL PROTECTION AND PROGRAMS DIRECTORATE,134
GENERAL SERVICES ADMINISTRATION,135
OFFICE OF THE ASSISTANT SECRETARY FOR ADMINISTRATION (ASA),136
SECURITIES AND EXCHANGE COMMISSION,137
RAILROAD RETIREMENT BOARD,138
CONSUMER PRODUCT SAFETY COMMISSION,139
FEDERAL MARITIME COMMISSION,140
NATIONAL HIGHWAY TRAFFIC SAFETY ADMINISTRATION,141
MARITIME ADMINISTRATION,142
FEDERAL AVIATION ADMINISTRATION,143
FEDERAL TRANSIT ADMINISTRATION,144
FEDERAL MOTOR CARRIER SAFETY ADMINISTRATION,145
FEDERAL RAILROAD ADMINISTRATION,146
PIPELINE AND HAZARDOUS MATERIALS SAFETY ADMINISTRATON,147
SURFACE TRANSPORTATION BOARD,148
FEDERAL EMERGENCY MANAGEMENT AGENCY,149
FEDERAL LAW ENFORCEMENT TRAINING CENTER,150
IMMEDIATE OFFICE OF THE SECRETARY,151
OFFICE OF THE CHIEF READINESS SUPPORT OFFICER,152
OFFICE OF INTELLIGENCE AND ANALYSIS,153
OFFICE OF THE CHIEF PROCUREMENT OFFICER,154
OFFICE OF THE CHIEF SECURITY OFFICER,155
OFFICE OF THE CHIEF HUMAN CAPITAL OFFICER,156
OFFICE OF THE CHIEF FINANCIAL OFFICER,157
COUNTERING WEAPONS OF MASS DESTRUCTION,158
U.S. SECRET SERVICE,159
OFFICE OF THE INSPECTOR GENERAL,160
OVERSEAS PRIVATE INVESTMENT CORPORATION,161
SMALL BUSINESS ADMINISTRATION,162
CENTERS FOR MEDICARE AND MEDICAID SERVICES,163
AGENCY FOR HEALTHCARE RESEARCH AND QUALITY,164
HEALTH RESOURCES AND SERVICES ADMINISTRATION,165
SUBSTANCE ABUSE AND MENTAL HEALTH SERVICES ADMINISTRATION,166
EXPORT-IMPORT BANK OF THE U.S.,167
NATIONAL ARCHIVES AND RECORDS ADMINISTRATION,168
"EDUCATION, DEPARTMENT OF",169
"UNITED STATES AGENCY FOR GLOBAL MEDIA, BBG",170
FEDERAL ENERGY REGULATORY COMMISSION,171
COMMODITY FUTURES TRADING COMMISSION,172
SELECTIVE SERVICE SYSTEM,173
FEDERAL MEDIATION AND CONCILIATION SERVICE,174
DEFENSE NUCLEAR FACILITIES SAFETY BOARD,175
NATIONAL TRANSPORTATION SAFETY BOARD,176
FEDERAL ELECTION COMMISSION,177
CONSUMER FINANCIAL PROTECTION BUREAU,178
MORRIS K. UDALL SCHOLARSHIP AND EXCELLENCE IN NATIONAL ENVIRONMENTAL POLICY FOUNDATION,179
COURT SERVICES AND OFFENDER SUPERVISION AGENCY,180
PRETRIAL SERVICES AGENCY,181
DISTRICT OF COLUMBIA COURTS,182
"USDA, OFFICE OF PROCUREMENT AND PROPERTY MANAGEMENT",183
"USDA, OFFICE OF BUDGET AND PROGRAM ANALYSIS",184
RISK MANAGEMENT AGENCY,185
ADMINISTRATION FOR COMMUNITY LIVING (ACL),186
OCCUPATIONAL SAFETY AND HEALTH ADMINISTRATION,187
NATIONAL LABOR RELATIONS BOARD,188
GREAT LAKES ST. LAWRENCE SEAWAY DEVELOPMENT CORPORATION,189
"COMMERCE, DEPARTMENT OF",190
WAGE AND HOUR DIVISION,191
"USDA, OFFICE OF COMMUNICATION",192
ELECTION ASSISTANCE COMMISSION,193
THE COUNCIL OF THE INSPECTORS GENERAL ON INTEGRITY AND EFFICIENCY ,194
"FEDERAL PRISON INDUSTRIES, INC.",195
OFFICE OF THE ASSISTANT SECRETARY FOR POLICY,196
OFFICE OF FEDERAL CONTRACT COMPLIANCE PROGRAM,197
OFFICE OF THE SECRETARY OF LABOR,198
OFFICE OF CHIEF FINANCIAL OFFICER,199
OFFICE OF PUBLIC AFFAIRS,200
COMMUNITY DEVELOPMENT FINANCIAL INSTITUTIONS,201
OFFICE OF COMMUNICATIONS AND MARKETING,202
OFFICE OF HUMAN RESOURCES MANAGEMENT,203
OFFICE OF INTERGOVERNMENTAL AND EXTERNAL AFFAIRS,204
FEDERAL HOUSING FINANCE AGENCY,205
THE INSTITUTE OF MUSEUM AND LIBRARY SERVICES,206
UNITED STATES GOVERNMENT PUBLISHING OFFICE,207
FEDERAL LABOR RELATIONS AUTHORITY,208
BUREAU OF INTERNATIONAL LABOR AFFAIRS,209
FEDERAL PERMITTING IMPROVEMENT STEERING COUNCIL,210
"TRANSPORTATION, DEPARTMENT OF",211
OFFICE OF THE INSPECTOR GENERAL FOR TAX ADMINISTRATION,212
NATIONAL ENDOWMENT FOR THE HUMANITIES,213
ALCOHOL AND TOBACCO TAX AND TRADE BUREAU,214
LIBRARY OF CONGRESS,215
ASST SECRETARY FOR HOUSING--FEDERAL HOUSING COMMISSIONER,216
COMMITTEE FOR PURCHASE FROM PEOPLE WHO ARE BLIND OR SEVERELY DISABLED,217
OFFICE OF THE ADMINISTRATOR(ACMD),218
OFFICE OF LABOR-MANAGEMENT STANDARDS,219
THE JUDICIAL BRANCH,220
COMMISSION OF FINE ARTS,221
OFFICE OF MISSION ASSURANCE,222
INSULAR AFFAIRS,223
ADMINISTRATIVE REVIEW BOARD,224
OFFICE OF SPECIAL COUNSEL,225
"USDA, OFFICE OF ETHICS",226
OFFICE OF GOVERNMENT ETHICS,227
DEPT OF THE AIR FORCE,228
U.S. SPECIAL OPERATIONS COMMAND (USSOCOM),229
MISSILE DEFENSE AGENCY (MDA),230
DEPT OF THE NAVY,231
DEPT OF THE ARMY,232
DEFENSE SECURITY COOPERATION AGENCY,233
DEFENSE INFORMATION SYSTEMS AGENCY (DISA),234
DEFENSE THREAT REDUCTION AGENCY (DTRA),235
IMMEDIATE OFFICE OF THE SECRETARY OF DEFENSE,236
WASHINGTON HEADQUARTERS SERVICES (WHS),237
PENTAGON FORCE PROTECTION AGENCY,238
DEFENSE ADVANCED RESEARCH PROJECTS AGENCY  (DARPA),239
DEFENSE COUNTERINTELLIGENCE AND SECURITY AGENCY,240
DEFENSE HEALTH AGENCY (DHA),241
DEFENSE CONTRACT AUDIT AGENCY,242
DEFENSE HUMAN RESOURCES ACTIVITY,243
DEFENSE POW/MIA OFFICE,244
DEFENSE FINANCE AND ACCOUNTING SERVICE (DFAS),245
DEFENSE MEDIA ACTIVITY (DMA),246
USTRANSCOM,247
DEFENSE LOGISTICS AGENCY,248
DEFENSE CONTRACT MANAGEMENT AGENCY (DCMA),249
U.S. ARMY CORPS OF ENGINEERS - CIVIL PROGRAM FINANCING ONLY,250
NATIONAL GEOSPATIAL-INTELLIGENCE AGENCY (NGA),251
UNIFORMED SERVICES UNIVERSITY OF THE HEALTH SCIENCES  (USUHS),252
SPACE DEVELOPMENT AGENCY,253
DEFENSE COMMISSARY AGENCY  (DECA),254
"INSPECTOR GENERAL, OFFICE OF",255
DEPT OF DEFENSE EDUCATION ACTIVITY (DODEA),256
DEFENSE MICROELECTRONICS ACTIVITY (DMEA),257
IMMEDIATE OFFICE OF THE SECRETARY OF AGRICULTURE,258
ARCHITECTURAL AND TRANSPORTATION BARRIERS COMPLIANCE BOARD,259
MERIT SYSTEMS PROTECTION BOARD,260
DENALI COMMISSION,261
COMMODITY CREDIT CORPORATION,262
FEDERAL PRISON INDUSTRIES / UNICOR,263
SPECIAL INSPECTOR GENERAL FOR THE TROUBLED ASSET RELIEF PROGRAM,264
"USDA, NATIONAL APPEALS DIVISION",265
"AGRICULTURE, DEPARTMENT OF",266
OFFICE OF THE SPECIAL TRUSTEE FOR AMERICAN INDIANS,267
SAINT LAWRENCE SEAWAY DEVELOPMENT CORPORATION,268
OFFICE OF PROCUREMENT OPERATIONS,269
J. F. KENNEDY CENTER FOR THE PERFORMING ARTS,270
POSTAL SERVICE,271
IMMEDIATE OFFICE OF THE SECRETARY OF LABOR,272
AGENCY FOR TOXIC SUBSTANCES AND DISEASE REGISTRY,273
OFFICE OF HEALTH AFFAIRS,274
CHIEF PROCUREMENT OFFICER,275
OFFICE OF ASSISTANT SECRETARY FOR PUBLIC AFFAIRS,276
DOMESTIC NUCLEAR DETECTION OFFICE,277
ASSISTANT SECRETARY FOR POLICY DEVELOPMENT AND RESEARCH,278
PRESIDENT'S COMMITTEE ON EMPLOYMENT OF THE HANDICAPPED,279
OFFICE OF INFORMATION AND PUBLIC AFFAIRS,280
"USDA, BOARD OF CONTRACT APPEALS",281
IMMEDIATE OFFICE OF THE SECRETARY OF TRANSPORTATION,282
UNITED STATES INTERNATIONAL DEVELOPMENT FINANCE CORPORATION,283
"USDA, ASSISTANT SECRETARY FOR DEPARTMENTAL MANAGEMENT",284
OFFICE OF MEDICARE HEARINGS AND APPEALS (OMHA),285
NORTHERN BORDER REGIONAL COMMISSION,286
OFFICE OF LEAD HAZARD CONTROL AND HEALTHY HOMES,287
FEDERAL MINE SAFETY AND HEALTH REVIEW COMMISSION,288
OCCUPATIONAL SAFETY AND HEALTH REVIEW COMMISSION,289
"GRAIN INSPECTION, PACKERS AND STOCKYARDS ADMINISTRATION",290
ADVISORY COUNCIL ON HISTORIC PRESERVATION,291
OFF OF  CONGRESSIONAL AND INTERGOVERNMENTAL AFFAIRS,292
"USDA, OFFICE OF SMALL AND DISADVANTAGED BUSINESS UTILIZATION",293
CORPORATION FOR NATIONAL AND COMMUNITY SERVICE,294
OFF OF THE DEPUTY UNDER SECRETARY FOR CONGRESSIONAL AFFAIRS,295
OFFICE OF PARTNERSHIPS AND PUBLIC ENGAGEMENT,296
OFFICE FOR CIVIL RIGHTS,297
BROADCASTING BOARD OF GOVERNORS,298
